N,nbags,exp,injuries,non-injuries,thresh,Val_AUC,Val_RE,Val_SP,Val_TRUE_POSITIVE,Val_FALSE_POSITIVE,Val_TRUE_NEGATIVE,Val_FALSE_NEGATIVE,Test_AUC,Test_RE,Test_SP,Test_TRUE_POSITIVE,Test_FALSE_POSITIVE,Test_TRUE_NEGATIVE,Test_FALSE_NEGATIVE
10,9,0,48,2967,0.4552176412608888,0.7779814065835299,0.7083333333333334,0.6777890124705089,34,956,2011,14,0.673877935063476,0.5,0.7334007414897202,24,791,2176,24
10,9,1,48,2967,0.4646599491437276,0.8099441074036626,0.7291666666666666,0.698685540950455,35,894,2073,13,0.6797761487473317,0.4375,0.7623862487360971,21,705,2262,27
10,9,2,48,2967,0.4888649847772386,0.7223345691495338,0.6875,0.683855746545332,33,938,2029,15,0.6671441411077407,0.5,0.7280080889787665,24,807,2160,24
10,9,3,48,2967,0.46430808636877274,0.7093479665206157,0.6458333333333334,0.641051567239636,31,1065,1902,17,0.6788843950117964,0.5416666666666666,0.7077856420626896,26,867,2100,22
10,9,4,48,2967,0.4654222395684984,0.7980915065722953,0.7083333333333334,0.709133805190428,34,863,2104,14,0.683364228738344,0.4166666666666667,0.7768790023592854,20,662,2305,28
